title,description,descriptionHTML,summary,summaryHTML,installs,minInstalls,score,ratings,reviews,histogram,price,free,currency,sale,saleTime,originalPrice,saleText,offersIAP,inAppProductPrice,size,androidVersion,androidVersionText,developer,developerId,developerEmail,developerWebsite,developerAddress,privacyPolicy,developerInternalID,genre,genreId,icon,headerImage,screenshots,video,videoImage,contentRating,contentRatingDescription,adSupported,containsAds,released,updated,version,recentChanges,recentChangesHTML,appId,url
iQIYI Video – Dramas & Movies,"Get the streaming service with multilingual support for FREE. Watch the MOST POPULAR asian dramas, variety shows, movies and animes.
• Hottest Dramas: Hush, The Blooms at RUYI Pavilion, Love is Sweet, Hotel Trainees, Something Just Like This, More Than Friends, 18 Again, RENASCENCE, Backstreet Rookie, My Unicorn Girl, etc.
• Popular Variety Shows: FOURTRY, HAHAHAHAHA, Let's party, The Rap of China, The Big Band, Youth With You, Summer Surf Shop, etc.
• Exclusive Movies: Monster Hunters, Detective Dee Solitary skies killer, Ne Zha, The Untamed Fatal Journey, etc.
• Awesome Animes: Attack on Titan Final Season, JUJUTSU KAISEN, One Piece, Digimon Adventure, Are You OK, etc.
All are within just ONE app. Thousands of exclusive originals, Chinese dramas, Korean dramas, Chinese variety shows, Korean variety shows and local titles are on their way. 

Sign up and get everything - premium contents & features!

Features of iQIYI
• “Freemium” model - offering both complementary and extra-cost services. It’s all up to you.
• Vast streaming library - access to unlimited movies, dramas, variety shows and animes (cartoons). A growing selection of exclusive & global videos are added frequently.
• Multilingual support - multiple language user interface, subtitles & searching tool are available, including but not limited to Mandarin, English, Indonesian, Bahasa Malaysia, Thai, Vietnamese, Spanish, Korean and Arabic.
• User-friendly interface - simple and clean interface helps find everything you REALLY want.
• Awesome HD experience - Full HD quality guarantees your premium experience. Adaptive bitstream and multiple definition options help save your data while watching smoothly. 
• Free download - to watch anywhere & anytime.
• Viewing history - to pick up where you left off.
• VIP Privileges - watch the most popular content exclusively/in advance without ads.

Your feedback will be highly valuated. Feel free to leave your comments below. Have any questions? Don’t hesitate to contact us via contactus@qiyi.com. 
For more program information, you can follow: 
Facebook@iQIYI：https://www.facebook.com/iQIYI-407131436595932/
Instagram@iqiyi：https://www.instagram.com/iqiyi/ 
Twitter@iQIYI：https://twitter.com/iQIYI  
Web: https://www.iq.com/","Get the streaming service with multilingual support for FREE. Watch the MOST POPULAR asian dramas, variety shows, movies and animes.<br>• Hottest Dramas: Hush, The Blooms at RUYI Pavilion, Love is Sweet, Hotel Trainees, Something Just Like This, More Than Friends, 18 Again, RENASCENCE, Backstreet Rookie, My Unicorn Girl, etc.<br>• Popular Variety Shows: FOURTRY, HAHAHAHAHA, Let&#39;s party, The Rap of China, The Big Band, Youth With You, Summer Surf Shop, etc.<br>• Exclusive Movies: Monster Hunters, Detective Dee Solitary skies killer, Ne Zha, The Untamed Fatal Journey, etc.<br>• Awesome Animes: Attack on Titan Final Season, JUJUTSU KAISEN, One Piece, Digimon Adventure, Are You OK, etc.<br>All are within just ONE app. Thousands of exclusive originals, Chinese dramas, Korean dramas, Chinese variety shows, Korean variety shows and local titles are on their way. <br><br>Sign up and get everything - premium contents &amp; features!<br><br>Features of iQIYI<br>• “Freemium” model - offering both complementary and extra-cost services. It’s all up to you.<br>• Vast streaming library - access to unlimited movies, dramas, variety shows and animes (cartoons). A growing selection of exclusive &amp; global videos are added frequently.<br>• Multilingual support - multiple language user interface, subtitles &amp; searching tool are available, including but not limited to Mandarin, English, Indonesian, Bahasa Malaysia, Thai, Vietnamese, Spanish, Korean and Arabic.<br>• User-friendly interface - simple and clean interface helps find everything you REALLY want.<br>• Awesome HD experience - Full HD quality guarantees your premium experience. Adaptive bitstream and multiple definition options help save your data while watching smoothly. <br>• Free download - to watch anywhere &amp; anytime.<br>• Viewing history - to pick up where you left off.<br>• VIP Privileges - watch the most popular content exclusively/in advance without ads.<br><br>Your feedback will be highly valuated. Feel free to leave your comments below. Have any questions? Don’t hesitate to contact us via contactus@qiyi.com. <br>For more program information, you can follow: <br>Facebook@iQIYI：https://www.facebook.com/iQIYI-407131436595932/<br>Instagram@iqiyi：https://www.instagram.com/iqiyi/ <br>Twitter@iQIYI：https://twitter.com/iQIYI  <br>Web: https://www.iq.com/",Multilingual support & easy to use interface!,Multilingual support &amp; easy to use interface!,"10,000,000+",10000000,4.315418,133366,56246,"[12799, 3182, 7534, 15486, 94365]",0,True,USD,False,,,,True,$0.99 - $114.99 per item,Varies with device,5.0,5.0 and up,iQIYI,iQIYI,contactus@qiyi.com,https://www.iq.com,"6 SHENTON WAY, #33-00, OUE DOWNTOWN, SINGAPORE",https://www.iqiyi.com/common/international-privacyagreement.html,5935908434331797911,Entertainment,ENTERTAINMENT,https://play-lh.googleusercontent.com/qcnLIY2j3sD631py3vbhbe4KAoUfoNGIiag52awMmiBB1qpJtqCxOIcYPgARW_bfQ58,https://play-lh.googleusercontent.com/Qm_nLWMJ1JcHtZna_yAU2ZzkniNPSgEq3SGkmr_17zlknC63uJgehTcqliGU9mPRRfQ,"['https://play-lh.googleusercontent.com/PtTVV4OXqKw02qrbKy-b1dsVqZZNGgvXrB5-T7pUxE9rxpglQW7ZzYJVJk3AJNzGcA', 'https://play-lh.googleusercontent.com/9s8WIOECaEvVy8t5IaPVyG7tC6wRX8SKVpaCZixVAm7F6xQrC-ZnqSkY2QTqIaxMqzw', 'https://play-lh.googleusercontent.com/nZW4rmhhqNF0XYqVKM9FDWGtic4lJt3Z1tTo0rEK71M8Vl1kvOZDTjV0gcH8rHW77g', 'https://play-lh.googleusercontent.com/NgkOChUF4e2pLqZUlo4ytwiFfxedecfKd3TSkzCl4YnZY74FsVcgYhStKvHP4IwYuXo', 'https://play-lh.googleusercontent.com/TvcqXaVL8Y2JoMwH6Zv020I3HxNyGq_CPtEaHDxo3TfTcm9cJdtF6zOS6tSRGZEl6w', 'https://play-lh.googleusercontent.com/vxR72Lp06c6r3N7L6qE9bOrYo1HdK6lO78RVyNcn8JpgFYPQHQsBmZ69yk338BI0s8P1', 'https://play-lh.googleusercontent.com/2oOEGjhP5EwGe_k1vIw6DqPsxPMI7zkPD8OclDaXLOVKUWAGw_XsZS3uL83RjOZTC2s', 'https://play-lh.googleusercontent.com/i3rlVIu6eqMkmPFNlCv_TpVAsJ9QOXjJLnpu_VqYelcIBZvt-MfXSDCNGrnZAUdv0CyW', 'https://play-lh.googleusercontent.com/Z2S2_oQ93dnR8wxIRkpj8k_wuqluQyTiwlRoXm_zgSgKpJwaxq4akKDIS2Csis0cE00', 'https://play-lh.googleusercontent.com/nRidfqoy1EOpATs2TyvVqst42hEqZvdaAQLjEVtxSCj4v_waGa5d0yfvsPeJeUeoWw']",https://www.youtube.com/embed/0RhTInBIbLg?ps=play&vq=large&rel=0&autohide=1&showinfo=0,https://i.ytimg.com/vi/0RhTInBIbLg/hqdefault.jpg,Teen,Diverse Content: Discretion Advised,True,True,"May 23, 2019",1608183732,2.12.0,"Add & Optimize features, to bring you best experience.
Hottest content updates continuously. What you want is all in iQIYI!
1. New theme interface: Optimize to the dark mode
2. Optimize the searching results","Add &amp; Optimize features, to bring you best experience.<br>Hottest content updates continuously. What you want is all in iQIYI!<br>1. New theme interface: Optimize to the dark mode<br>2. Optimize the searching results",com.iqiyi.i18n,https://play.google.com/store/apps/details?id=com.iqiyi.i18n&hl=en&gl=us
CapCut,"From today, ""Viamaker"" Officially renamed to ""CapCut""!

CapCut is a free all-in-one video editing app that helps you create incredible videos. 

「Easy to use」
Cut, reverse and change speed: getting it just right is easier than ever，Posting only your wonderful moments.

 「High quality」
Advanced filters and flawless beauty effects open up a world of possibilities

「Top Music Hits/Sounding incredible」
Tremendous music library and exclusive copyright songs

「Stickers and text」
Top trending stickers and fonts let you fully express your videos

 「Effect」
Get creative with a range of magical effects

Contact：capcut.support@bytedance.com","From today, &quot;Viamaker&quot; Officially renamed to &quot;CapCut&quot;!<br><br>CapCut is a free all-in-one video editing app that helps you create incredible videos. <br><br>「Easy to use」<br>Cut, reverse and change speed: getting it just right is easier than ever，Posting only your wonderful moments.<br><br> 「High quality」<br>Advanced filters and flawless beauty effects open up a world of possibilities<br><br>「Top Music Hits/Sounding incredible」<br>Tremendous music library and exclusive copyright songs<br><br>「Stickers and text」<br>Top trending stickers and fonts let you fully express your videos<br><br> 「Effect」<br>Get creative with a range of magical effects<br><br>Contact：capcut.support@bytedance.com",Capture the moment and Cut,Capture the moment and Cut,"50,000,000+",50000000,4.4968214,498232,285458,"[37330, 10237, 17600, 35464, 397601]",0,True,USD,False,,,,False,,83M,5.0,5.0 and up,Bytedance Pte. Ltd.,Bytedance+Pte.+Ltd.,capcut.support@bytedance.com,https://lv.faceueditor.com/en,,https://lv.faceueditor.com/clause/privacy?language=en,8657110696130032637,Video Players & Editors,VIDEO_PLAYERS,https://play-lh.googleusercontent.com/GCeBKSeyXZaICkBU6xXmK9qnlVPCcXfaF_OsWEx6zUYtwvI1Sb0CPtp2fsqmcImw9BQ,https://play-lh.googleusercontent.com/pIjBLHYFkGOWHH1as78tqZYL0kz0ZvADi313SgdQPVwmln-2zPzyJOGPXdUnnZiVzb8,"['https://play-lh.googleusercontent.com/Pp-pkCllQ25Mxh3PD_TYZxYYap5pZB3imy50V65drUNeaJurbCFG94ZivtOR-26fkLo', 'https://play-lh.googleusercontent.com/QIwqz7SBy5LiZ-m4aCKPFc2GaU3EB6sx_21lcRb4-JIIk3Jw3DWUdTzLElLAM61GvA', 'https://play-lh.googleusercontent.com/_ZsWBMJqIKyi2EJ7BNuT-pnY48exdX1OuuEcY-PmN55JCTEKNl9auv33vX1VtdpBho3x', 'https://play-lh.googleusercontent.com/Tw6yXnHqcC06QU5F1hHOmIGhkhyU7lA-U70HFhsAfmz6shpPkY0BcQMsGUFdrmQKEM0', 'https://play-lh.googleusercontent.com/RhG4wM98I2hh1pFvrKHYb5bYctr7KjWuQ-u67ldr4PkaZXcZoo321NIGofkrnmRDJiU']",,,Everyone,,,False,"Apr 10, 2020",1608624906,2.6.0,"1. A new text template feature allows you to play with more text styles, and it’s easier than before
2. Your text can now be read aloud! Convert text to speech to quickly generate voice overs","1. A new text template feature allows you to play with more text styles, and it’s easier than before<br>2. Your text can now be read aloud! Convert text to speech to quickly generate voice overs",com.lemon.lvoverseas,https://play.google.com/store/apps/details?id=com.lemon.lvoverseas&hl=en&gl=us
MySejahtera,"MySejahtera is an application developed by the Government of Malaysia to assist in managing the COVID-19 outbreaks in the country. It allows users to perform health self-assessment on themselves and their family members. The users can also monitor their health progress throughout the COVID-19 outbreak. Also, MySejahtera enables the Ministry of Health (MOH) to monitor users’ health condition and take immediate actions in providing the treatments required.

TOGETHER MALAYSIA, WE CAN STOP THE SPREAD OF COVID-19!","MySejahtera is an application developed by the Government of Malaysia to assist in managing the COVID-19 outbreaks in the country. It allows users to perform health self-assessment on themselves and their family members. The users can also monitor their health progress throughout the COVID-19 outbreak. Also, MySejahtera enables the Ministry of Health (MOH) to monitor users’ health condition and take immediate actions in providing the treatments required.<br><br>TOGETHER MALAYSIA, WE CAN STOP THE SPREAD OF COVID-19!",MySejahtera was developed to assist in managing the COVID-19 outbreak,MySejahtera was developed to assist in managing the COVID-19 outbreak,"10,000,000+",10000000,4.671101,372460,95495,"[7500, 3296, 15410, 51790, 294464]",0,True,USD,False,,,,False,,14M,4.4,4.4 and up,GOVERNMENT OF MALAYSIA,GOVERNMENT+OF+MALAYSIA,mysejahterasupport@nacsa.gov.my,https://mysejahtera.malaysia.gov.my/,,https://mysejahtera.malaysia.gov.my/privasi/,7553531416459678701,Health & Fitness,HEALTH_AND_FITNESS,https://play-lh.googleusercontent.com/Owl00JWsYGY-mLZ7O53GSeIFse4j_KEXa53Q8qNAaQNFb2YVYimLoe6j4gczuVYaaQ,https://play-lh.googleusercontent.com/OZtEOJZ1t4TvwC7qFNt1weLyoXD8sLBfgtRiYWjhNGwPczsjlC3Oe6C3I5R6Q10mUg,"['https://play-lh.googleusercontent.com/7r8fU_aDdbGU1BsSiWZNF7HdDWLCgvYRV1oU8C-gCj32znqRTmDddrmPygbHLhMgEkw', 'https://play-lh.googleusercontent.com/45R4i1pPdIq9rgfX1rbdbQ9FRt4JJQARIl95u3QkMfVlNGrjFvAt5w6Py8fJYGGNDcs', 'https://play-lh.googleusercontent.com/L54M3brBgg0JOkKX59Pka9bUffBObsryLuvSHrUaZ94f6NxrPz84FWMvLZfdHiqDQAk', 'https://play-lh.googleusercontent.com/otekekdkHBD_2htXNKBsl8ZYPN49MS5ahZetRDoObNGH46OP8ECB9FzbZ7ZXkSc4CIs', 'https://play-lh.googleusercontent.com/SkDwYaSn0ZPIeQ2BbECpFNIQGFQlA2mA0U5s6CkAdZbQeATzGmJgIzV5wGYzHsz1Dt8', 'https://play-lh.googleusercontent.com/LOG6totGh_8YibFtix28p3y0ZvgAw7Hg9_QgrX3e6MBHit9XW8r_mEMN6yYt5vSDtps', 'https://play-lh.googleusercontent.com/bmbDTtsLY9kvS4QJFf_13Jl9VNOE72OvlhYPNI4_Yh2pZsXA9jUMpEa5YpC1Y-05wg', 'https://play-lh.googleusercontent.com/Pa-fkqWjdWBtLouThKvKyJ4O6awNGhqVg9siOzGA7wa8gknCIwOtUQLdOphXWNEVslw', 'https://play-lh.googleusercontent.com/LpnVvTHsnkX4_ymUheNL7zteoq02focWvqVYCavmkC-GTEvc_VRs-0A3HQNRJxdwNxI', 'https://play-lh.googleusercontent.com/xCGNFNT_Znj_c7nTZ5YsEbL1se20k9Fp_r6XBhmEcfugPg-78WZKZv0BNFwo_fLBIg']",https://www.youtube.com/embed/XgU66D4uyFc?ps=play&vq=large&rel=0&autohide=1&showinfo=0,https://i.ytimg.com/vi/XgU66D4uyFc/hqdefault.jpg,Everyone,,,False,"Mar 26, 2020",1604591546,1.0.25,- Bug Fixes,- Bug Fixes,my.gov.onegovappstore.mysejahtera,https://play.google.com/store/apps/details?id=my.gov.onegovappstore.mysejahtera&hl=en&gl=us
Shortcut Run,"Race against opponents, and stack up all the floorboards you can pick up along the way! 
If you're clever enough, get out of the way and build bridges and take shortcuts to get to the finish line before everyone else! 

Cheating has never been so stylish! 

Simple gameplay with efficient and easy to learn controls.","Race against opponents, and stack up all the floorboards you can pick up along the way! <br>If you&#39;re clever enough, get out of the way and build bridges and take shortcuts to get to the finish line before everyone else! <br><br>Cheating has never been so stylish! <br><br>Simple gameplay with efficient and easy to learn controls.","Collect the floorboards, lay them down and double everyone!","Collect the floorboards, lay them down and double everyone!","10,000,000+",10000000,3.5877743,131446,63519,"[31963, 7688, 10769, 13177, 67849]",0,True,XXX,False,,,,True,$3.99 per item,64M,4.4,4.4 and up,VOODOO,VOODOO,contact@voodoo.io,https://www.voodoo.io/,"4 rue Jules Lefebvre, 75009 Paris",https://www.voodoo.io/privacy,8306041507631589049,Racing,GAME_RACING,https://play-lh.googleusercontent.com/qsB45l-3DLIGAHOQS-dqkZIzbQ9dc2818TXzUpxmrC1S6bMm_C0tlA0LiIZQxa_VRsN0,https://play-lh.googleusercontent.com/UrZmsKbw5v4RLPAiYuLz66E6KkxS9ElcqXTGHS7dr4Se7NRYQssqJJlCutATJFPidLNW,"['https://play-lh.googleusercontent.com/eTVItMbvc8qvasxEfnZLKx1Pm8NBxRPz4oDGmnK6JFbbVdbieNTO_dQgPqKrPese7RwN', 'https://play-lh.googleusercontent.com/AUmCZJLaIeiJUSUgekh_ZEZHf3IERZRYIKZo_DLkv9F9vdclLkeG109sH77NQAjI87hb', 'https://play-lh.googleusercontent.com/5PGDaNnoXasQwoiAtnmFNDmONUWYrU-cg83J3NtYSCJuDp2GIWjmoTKd-vBQlID4i8w', 'https://play-lh.googleusercontent.com/R9sdHBzWZ9lfO4VXu5Dn3HJr1jqTfCIQ3WpZ2HRHCFywsVUkzrxfr6LJxvj-13iyFA', 'https://play-lh.googleusercontent.com/JlI3r8MBLuxvLygkFfS7p3IjaHk8JsaYRydgFo1BeSe2R5h1fmZa0YtE2Sl8bMN0Jw', 'https://play-lh.googleusercontent.com/TkA5ZYQrNVDFhLfsMquaAijBh-pz97dPIqndQ5F2gmJhxzIzWXvMm-u1mKyN0yz5Zg', 'https://play-lh.googleusercontent.com/j4ducYLHIuEj499L9pXIWCeoMUCgPgDkWaofVwwPL_ryoPKMuJWIfAos-S-UpWphRlDn', 'https://play-lh.googleusercontent.com/GrIFfHetXDmdsZdp6Vv2vmRoLrEQyz5hn04uzFPt4hz205BVas581axsjRey62y-D5I', 'https://play-lh.googleusercontent.com/cGbYIkueQv3spvKwbx0WsKDkoeStINT3FmakQ9J58vUix26U7u9GnEyWybjbLoeNPxg', 'https://play-lh.googleusercontent.com/OiGvCLQE26M4u8BiFGU1BzdZ5OXd4gCuszhx3bCrHBVeVhm_8qiuJHzN_maNXeCmAA', 'https://play-lh.googleusercontent.com/tweNlLwo1ew6nT4b96ZjEpV7p-Riwh5p7BqIYxJnkB2ExA5ipuhmfWdebDhNzLhz3gpX', 'https://play-lh.googleusercontent.com/Gld8mhA4t7CJ_N9jdikLprHE_Cc5_268Agu7UWSfonnlSCHX7F73uiacVyaNzOVMAJw', 'https://play-lh.googleusercontent.com/B3N1UXw3xNpAV3cigIo1enrMWXP-0JhTn5FDn3YwqkxTH-lZMKV4obKgbaO4A4jorGY', 'https://play-lh.googleusercontent.com/fwkDfjD-npOTejLYWkUAJ2M0emP-IZD_G8RQJ51SfbqqSvOAK_sSHmDfHU57FlUejsc', 'https://play-lh.googleusercontent.com/LJBDMl_vnhVGlmfO1G4UwwWSnJJ2EVj-kR2kLEQnhayyq45ZX0fNQzNa8btpleWQ7B8', 'https://play-lh.googleusercontent.com/MNlYNMOfj1r6sw5xOEmvf4liSjcNreB93W5J9lI6ZpuuqFcv2CCByDNtSZLF3PXdKQ', 'https://play-lh.googleusercontent.com/hk0PbkMj1lgUkE3Qhhg8u9QeS_wkstAQ8_gGuJX2w-P6rE87B7BEIkD_a8WmeSgNy2A', 'https://play-lh.googleusercontent.com/4wTXtZDBO-5L7PVJ2V6F8WDoABBcgXgniQSKFCLMvGuajJtBiVRKPM60c1gQ8VeCMns', 'https://play-lh.googleusercontent.com/vovwXarnvEjOvtX0l1VZHq49Tb2fqgcYYba-ZGHrPV5aOQC1ZgjefsrsEMYuGsU0mg']",https://www.youtube.com/embed/6LtnVznY6cE?ps=play&vq=large&rel=0&autohide=1&showinfo=0,https://i.ytimg.com/vi/6LtnVznY6cE/hqdefault.jpg,Everyone,,True,True,"Oct 16, 2020",1608230538,1.11,"- Discover 9 new character skins and 4 new planks skins in the in-game store!
- You can now spend gold coins to start each game with boards in your arms or generate gold automatically when you are offline.
- Various fixes and improvements.

Take care and see you soon for lots of exciting surprises!",- Discover 9 new character skins and 4 new planks skins in the in-game store!<br>- You can now spend gold coins to start each game with boards in your arms or generate gold automatically when you are offline.<br>- Various fixes and improvements.<br><br>Take care and see you soon for lots of exciting surprises!,com.ohmgames.cheatandrun,https://play.google.com/store/apps/details?id=com.ohmgames.cheatandrun&hl=en&gl=us
i-Akaun,"Experience the new i-Akaun mobile application for faster and easier access to your EPF account anytime, anywhere.

Key features include:
• Account Summary – simplified layout allows you to view your EPF account information and transaction history
• Last Contribution – check the time and amount of the latest EPF contributions made to your account.
• Nomination – check information on your EPF account nominees.
• Withdrawal Eligibility – check your eligibility for various withdrawals.
• Latest Information – receive important notifications, and messages.
• EPF Offices – locate the nearest EPF offices for counter services and Retirement Advisory Service, e-Corner and EPF Kiosks.
• FAQs – obtain information on withdrawals, Simpanan Shariah and other EPF products and services.

If you have not registered for i-Akaun, you may do so by following these simple steps:
• Step 1: Register at any EPF Kiosk or EPF counter.
• Step 2: You will be given a temporary User ID and password as your activation code. Log on to www.kwsp.gov.my within 30 days and key in the activation code to activate your i-Akaun.

Download your i-Akaun mobile application today.

HELPING MEMBERS ACHIEVE A BETTER FUTURE","Experience the new i-Akaun mobile application for faster and easier access to your EPF account anytime, anywhere.<br><br>Key features include:<br>• Account Summary – simplified layout allows you to view your EPF account information and transaction history<br>• Last Contribution – check the time and amount of the latest EPF contributions made to your account.<br>• Nomination – check information on your EPF account nominees.<br>• Withdrawal Eligibility – check your eligibility for various withdrawals.<br>• Latest Information – receive important notifications, and messages.<br>• EPF Offices – locate the nearest EPF offices for counter services and Retirement Advisory Service, e-Corner and EPF Kiosks.<br>• FAQs – obtain information on withdrawals, Simpanan Shariah and other EPF products and services.<br><br>If you have not registered for i-Akaun, you may do so by following these simple steps:<br>• Step 1: Register at any EPF Kiosk or EPF counter.<br>• Step 2: You will be given a temporary User ID and password as your activation code. Log on to www.kwsp.gov.my within 30 days and key in the activation code to activate your i-Akaun.<br><br>Download your i-Akaun mobile application today.<br><br>HELPING MEMBERS ACHIEVE A BETTER FUTURE","Fast and easy access to your EPF account. 
Anytime. Anywhere.",Fast and easy access to your EPF account. <br>Anytime. Anywhere.,"5,000,000+",5000000,4.5702305,42043,10771,"[2086, 509, 1792, 4612, 33044]",0,True,USD,False,,,,False,,8.6M,4.4,4.4 and up,KWSP,KWSP,echannel@epf.gov.my,http://www.kwsp.gov.my,,http://www.kwsp.gov.my/portal/ms/web/kwsp/about-epf/terms-conditions-privacy-policy-security-policy-disclaimer/terms-conditions,6521401274023659097,Finance,FINANCE,https://play-lh.googleusercontent.com/nlvM-qJhPEWyMLPP9hm6DUko967obfHVU63BYMtK9YFtnXLH3c5rw-n9Z8bl4RTMoOc,https://play-lh.googleusercontent.com/V86WJAnrgJHKUxdV2xRqAeKY4W5t0lfcJhDjbHpz-AdDHELurM9cs4qDEfahqn-ovQ,"['https://play-lh.googleusercontent.com/6T-31DlrV272TM1Vec549CotsgFXJSKZgmYuElxqmUQoRBg-lg1egfGnyh2Y-YQBBA', 'https://play-lh.googleusercontent.com/lF-C7s8YZGwHr-hZsl7gNXck1pctVMYwzk2s5a0QOUVpgJR3QDW3As732z0jM7ZuE-0', 'https://play-lh.googleusercontent.com/Blg_AkIFvpxH1z47VlctVWgoIHWt_A2SwTYony_ayFsBWX4u8MlVTq81XUpR8VoHa3E', 'https://play-lh.googleusercontent.com/eNxEAb4EmHh2Wm-sJKPNV7vV-Ol3-_ZMB9DeY9rCVQeXEfFt7uffQw94GzqkDuNeyUo', 'https://play-lh.googleusercontent.com/p3MsAMj9jSmv8M9Sag9iDw6ctbO97Eat59zsw_AHWJgkWTp7sSa_OGRNSNBcVgUMZIBh']",,,Everyone,,True,True,"Feb 26, 2014",1608279223,4.8,"Thank you for using our refreshed i-Akaun (Member) app. Keep your app updated at all times to stay in touch with us. In this release, we bring you the following changes

1. Fingerprint login enhancement
2. What's new section
3. Menu optimization","Thank you for using our refreshed i-Akaun (Member) app. Keep your app updated at all times to stay in touch with us. In this release, we bring you the following changes<br><br>1. Fingerprint login enhancement<br>2. What&#39;s new section<br>3. Menu optimization",com.epf.main,https://play.google.com/store/apps/details?id=com.epf.main&hl=en&gl=us
Among Us,"Play online or over local WiFi with 4-10 players as you attempt to prep your spaceship for departure, but beware as one will be an impostor bent on killing everyone!

Crewmates can win by completing all tasks or discovering and voting the impostor off the ship. 

The Impostor can use sabotage to cause chaos, making for easier kills and better alibis.","Play online or over local WiFi with 4-10 players as you attempt to prep your spaceship for departure, but beware as one will be an impostor bent on killing everyone!<br><br>Crewmates can win by completing all tasks or discovering and voting the impostor off the ship. <br><br>The Impostor can use sabotage to cause chaos, making for easier kills and better alibis.",Join your crewmates in a multiplayer game of teamwork and betrayal!,Join your crewmates in a multiplayer game of teamwork and betrayal!,"100,000,000+",100000000,4.454047,9111131,4538454,"[736628, 163565, 343083, 850872, 7016983]",0,True,USD,False,,,,True,$0.99 - $2.99 per item,76M,4.4,4.4 and up,Innersloth LLC,Innersloth+LLC,support@innersloth.com,https://www.innersloth.com,"PO Box 2532
Redmond, WA 98073",https://www.innersloth.com/privacy.php,6235553311911178709,Action,GAME_ACTION,https://play-lh.googleusercontent.com/VHB9bVB8cTcnqwnu0nJqKYbiutRclnbGxTpwnayKB4vMxZj8pk1220Rg-6oQ68DwAkqO,https://play-lh.googleusercontent.com/T64PAw0DKJYuXZYw57xX6J7DGQ1IDicgSzFTgPTFzMlsMvhyasmPs9ghDqzVHtS9eg,"['https://play-lh.googleusercontent.com/bFKj2NnfSECa6Fwl3U8Z6OqtJvJ1QEw44gJEo3JILoxfA-7MUb7Dn2DHOGursFSAaJoy', 'https://play-lh.googleusercontent.com/PeOr_KZtyG--Xgrgaah1OOY22guLX7cCexRtoobCPMLXtyH92xeKkx4uA7zwQwHKyNc', 'https://play-lh.googleusercontent.com/WNd6G91MYLs9RTaEU8W8ZmHzaB_l5C7dZS2ZWXBTL_gyenvF5V6agvTy-y0k384ESw', 'https://play-lh.googleusercontent.com/02bIKcZTVt5tKNAGzebLoiK61rIuWiUEPCg6_NQq5-khBDJCV6eKC55MXERe6FNsVSI', 'https://play-lh.googleusercontent.com/4VlftIF2PfzbysQUeLn9WL5eu2OyLFyuD-8jg0pL2FUeCvncseKAm1SxEkKdM6THcUA', 'https://play-lh.googleusercontent.com/BdfUDB9TAOGPfcXFC2bXzQl-vVxO27S1mBxc2IsHIelhoV5JC_GVmv8wAAowJ6cgGbs', 'https://play-lh.googleusercontent.com/_wqneI3oALDjSYqnGw2vqCxtgqILfzJ35VdkDv-gRUfQRROM3fV0hr1IiA4SQbDsTzM', 'https://play-lh.googleusercontent.com/itMTid1lVgl5J7C5HKVhgZbxsaXgcxcPgfb1WzDz8vSyCo3hdjmUcJxwGjLhfr2IiF0', 'https://play-lh.googleusercontent.com/piihzdwUuOeeSNKIXL9ADlcOrAt-m0eQS6fhbSqKE3WM8N3yc2mVQ0qt_biRLPY_qA', 'https://play-lh.googleusercontent.com/e03vkq8NlESqjlWt_cJsgkqUigAbEuUwoW3mJk4t6E_q895_o8TBSuM_zYgwZ4d_c5w']",https://www.youtube.com/embed/sYvKjZKunyo?ps=play&vq=large&rel=0&autohide=1&showinfo=0,https://i.ytimg.com/vi/sYvKjZKunyo/hqdefault.jpg,Everyone 10+,"Fantasy Violence, Mild Blood",True,True,"Jun 15, 2018",1606432132,2020.11.17,"Balance changes:
- Comms sabotage hides task arrows
- Comms red light no longer immediately responds to the correct position.

Bug fixes:
- Fix camera flinging on security cams
- Fix inaccurate admin table on Polus
- Fix Polus panels reachable through walls
- Fix solo-complete reactor/seismic exploit
- Fix align engine exploit and softlock",Balance changes:<br>- Comms sabotage hides task arrows<br>- Comms red light no longer immediately responds to the correct position.<br><br>Bug fixes:<br>- Fix camera flinging on security cams<br>- Fix inaccurate admin table on Polus<br>- Fix Polus panels reachable through walls<br>- Fix solo-complete reactor/seismic exploit<br>- Fix align engine exploit and softlock,com.innersloth.spacemafia,https://play.google.com/store/apps/details?id=com.innersloth.spacemafia&hl=en&gl=us
Imposter Solo Kill,"Imposter solo kill is a fun and engaging puzzle game. Your mission is simple: Execute all living crewmates in the spaceship. Let no one survive.

★ HOW TO PLAY:
- Tap to move around the ship, kill the crewmates, and sabotage the objects.
- When you kill everyone without getting noticed, the level is completed.

★ FEATURES:
- Incredibly simple to understand.
- One finger control
- Countless challenges from easy to expert.
- Absolute free to play.","Imposter solo kill is a fun and engaging puzzle game. Your mission is simple: Execute all living crewmates in the spaceship. Let no one survive.<br><br>★ HOW TO PLAY:<br>- Tap to move around the ship, kill the crewmates, and sabotage the objects.<br>- When you kill everyone without getting noticed, the level is completed.<br><br>★ FEATURES:<br>- Incredibly simple to understand.<br>- One finger control<br>- Countless challenges from easy to expert.<br>- Absolute free to play.",Let no one survive!,Let no one survive!,"10,000,000+",10000000,3.8365445,51962,30635,"[11924, 1567, 2248, 3561, 32662]",0,True,XXX,False,,,,True,$0.99 - $99.99 per item,89M,5.0,5.0 and up,IEC Games Australia,IEC+Games+Australia,iecgames.au@gmail.com,https://iecgames.com.au/,"SUITE 1A LEVEL 2 , 802-808 PACIFIC HIGHWAY
GORDON NSW 2072",http://iecgames.com.au/privacy-policy/,6659692879209200151,Puzzle,GAME_PUZZLE,https://play-lh.googleusercontent.com/WrD2a9iIWTDmIfUz0_WYZxSZI9gUGjZXJszBi8D8jEzKn8UVu-J8625OQ5vzZxQdT7Y,https://play-lh.googleusercontent.com/053tTLGxPd74G6O9v-mCSc2Eqp_0B-OQZ2y4jr2WSUXYvvzf_IvOR85g0OWegBoRtA,"['https://play-lh.googleusercontent.com/pFJWtxT5IXNsgTFU8shC5gOWr1Ur53CPIk3tb3khZMVCYWiLdyaqJkYcjjkWsPI5nrc', 'https://play-lh.googleusercontent.com/fvt57yTui_Ov9_7vPMn2DQvYHeAslH-IKkXj46TNBbhD7xYnFT_2-B2mpZsBFYhH9A', 'https://play-lh.googleusercontent.com/_SJmmhZfWQTUFfCVeKDYTpYW3JgnCAM9GafehEGlsrpOtaxnQu8_LCS1DGCSxy4TIw', 'https://play-lh.googleusercontent.com/FqXGL0Ia6-NfgAV3xMXN8JZ1XMa6tMFYd0mwrWKdQlnz0QeVqpEfJWt7WKWy3aTkmf8G', 'https://play-lh.googleusercontent.com/XUa8BABS-0W_MVvSdkfDBQLPADV5AtRdm9Ec2j2pmLoQmJOGqt0yrrpSDfvFTfx4PQ', 'https://play-lh.googleusercontent.com/s5TQq7T1dVsaLqEqvQysZ9sNJeI78HfuS9R6kLkWEWgT6m6aoVdYSac8aRRQaE416xGA', 'https://play-lh.googleusercontent.com/TOVGrbMlVX8vPXqYs16ZNOKHFBUZVKScBuHDW38ilfC7mUo8Nipbpkicmhhd4vs7ykXr', 'https://play-lh.googleusercontent.com/_RGqAIezahnscMd3pBP4sDrBbVnPFhvS-Vppdi1vg36ch3voUO_HYw8838tmRDI9_Ejh']",,,Teen,"Violence, Blood",True,True,"Nov 30, 2020",1608730618,1.8," - Fix Bugs.
 - New Features.", - Fix Bugs.<br> - New Features.,com.iec.imposter.solo.kill,https://play.google.com/store/apps/details?id=com.iec.imposter.solo.kill&hl=en&gl=us
TikTok,"TikTok is THE destination for mobile videos. On TikTok, short-form videos are exciting, spontaneous, and genuine. Whether you’re a sports fanatic, a pet enthusiast, or just looking for a laugh, there’s something for everyone on TikTok. All you have to do is watch, engage with what you like, skip what you don’t, and you’ll find an endless stream of short videos that feel personalized just for you. From your morning coffee to your afternoon errands, TikTok has the videos that are guaranteed to make your day.

We make it easy for you to discover and create your own original videos by providing easy-to-use tools to view and capture your daily moments. Take your videos to the next level with special effects, filters, music, and more.

■ Watch endless amount of videos customized specifically for you
A personalized video feed based on what you watch, like, and share. TikTok offers you real, interesting, and fun videos that will make your day.

■ Explore videos, just one scroll away
Watch all types of videos, from Comedy, Gaming, DIY, Food, Sports, Memes, and Pets, to Oddly Satisfying, ASMR, and everything in between.

■ Pause recording multiple times in one video
Pause and resume your video with just a tap. Shoot as many times as you need.

■ Be entertained and inspired by a global community of creators
Millions of creators are on TikTok showcasing their incredible skills and everyday life. Let yourself be inspired.

■ Add your favorite music or sound to your videos for free
Easily edit your videos with millions of free music clips and sounds. We curate music and sound playlists for you with the hottest tracks in every genre, including Hip Hop, Edm, Pop, Rock, Rap, and Country, and the most viral original sounds.

■ Express yourself with creative effects
Unlock tons of filters, effects, and AR objects to take your videos to the next level.

■ Edit your own videos
Our integrated editing tools allow you to easily trim, cut, merge and duplicate video clips without leaving the app.

* Any feedback? Contact us at https://www.tiktok.com/legal/report/feedback or tweet us @tiktok_us","TikTok is THE destination for mobile videos. On TikTok, short-form videos are exciting, spontaneous, and genuine. Whether you’re a sports fanatic, a pet enthusiast, or just looking for a laugh, there’s something for everyone on TikTok. All you have to do is watch, engage with what you like, skip what you don’t, and you’ll find an endless stream of short videos that feel personalized just for you. From your morning coffee to your afternoon errands, TikTok has the videos that are guaranteed to make your day.<br><br>We make it easy for you to discover and create your own original videos by providing easy-to-use tools to view and capture your daily moments. Take your videos to the next level with special effects, filters, music, and more.<br><br>■ Watch endless amount of videos customized specifically for you<br>A personalized video feed based on what you watch, like, and share. TikTok offers you real, interesting, and fun videos that will make your day.<br><br>■ Explore videos, just one scroll away<br>Watch all types of videos, from Comedy, Gaming, DIY, Food, Sports, Memes, and Pets, to Oddly Satisfying, ASMR, and everything in between.<br><br>■ Pause recording multiple times in one video<br>Pause and resume your video with just a tap. Shoot as many times as you need.<br><br>■ Be entertained and inspired by a global community of creators<br>Millions of creators are on TikTok showcasing their incredible skills and everyday life. Let yourself be inspired.<br><br>■ Add your favorite music or sound to your videos for free<br>Easily edit your videos with millions of free music clips and sounds. We curate music and sound playlists for you with the hottest tracks in every genre, including Hip Hop, Edm, Pop, Rock, Rap, and Country, and the most viral original sounds.<br><br>■ Express yourself with creative effects<br>Unlock tons of filters, effects, and AR objects to take your videos to the next level.<br><br>■ Edit your own videos<br>Our integrated editing tools allow you to easily trim, cut, merge and duplicate video clips without leaving the app.<br><br>* Any feedback? Contact us at https://www.tiktok.com/legal/report/feedback or tweet us @tiktok_us",global video community,global video community,"100,000,000+",100000000,4.384937,8279731,3407927,"[850723, 178248, 301396, 552127, 6397237]",0,True,USD,False,,,,False,,82M,4.1,4.1 and up,TikTok Pte. Ltd.,TikTok+Pte.+Ltd.,feedback@tiktok.com,https://www.tiktok.com/,"201 Henderson Road,
#06-22 Apex@Henderson,
Singapore 159545 Singapore",https://www.tiktok.com/legal/privacy-policy,8354621850408287155,Video Players & Editors,VIDEO_PLAYERS,https://play-lh.googleusercontent.com/2kdv4gGWKchMkThhxMYlWlkSouhx6BP50X1b7O7_Yl78fFCitAe3t4hLACuCyC9tsJA,https://play-lh.googleusercontent.com/2wUbbUojGjGfGjt1pqUr_l-t4PTG4tMTgkcUKYXk50ljXMmTVJczsINN9-GUt_DfGdk,"['https://play-lh.googleusercontent.com/nTGPbQcNQZDDZMtaRIWqWz-bLcPB71WZd6BJpgeZCsOfuqymVfwarnJFqOzFMY_p0b0', 'https://play-lh.googleusercontent.com/wHk9HZ7C1QtqS3bCOEMro4RuT43qOg4W8353bjb3fnD1bXVMIDDAUUG0GObrp0Ypc7o', 'https://play-lh.googleusercontent.com/BuprZwckxZ4wvh8FU2AP-8HuObGcrm_H-reIOKe-4WPh-eH3EPM4S8RzkcDCQEyFlE0', 'https://play-lh.googleusercontent.com/1YlGNlOW59fFfRi0P08YhUwY2ije0DwGPrCJiOKIEeXg-VPCrHm98722yo_HsHycMjo', 'https://play-lh.googleusercontent.com/AMsLvVVO_bG759TrsSQG_R43Bbyet3uYj6dX4JuLw4rwQVnVFj-PeLAI2VEkyd7anIs', 'https://play-lh.googleusercontent.com/pp7P_oUV4MlVpBCKjwT0_lHF4Pw3EB9SK-pzDZjelx8LdPRtWE4zFxdYiFgjXv7XfwY', 'https://play-lh.googleusercontent.com/YzzvGPMwjfwabhwMn7xnKCwlatbVuLzT-QVSTYtYdp2bDabhPKY0guI88naZt7Hgs_39', 'https://play-lh.googleusercontent.com/dv3ONOMrcv8_7GT7kVcdo_4tuJDAvoEIh1LAOK2oaB7f--dbHXCFxIUNXm6PckcBEUo']",,,Teen,,,False,"May 7, 2017",1608306140,18.1.4,,,com.ss.android.ugc.trill,https://play.google.com/store/apps/details?id=com.ss.android.ugc.trill&hl=en&gl=us
Shopee #1 Online Platform,"Shopee is the leading online shopping platform in Southeast Asia and Taiwan that offers convenient and seamless shopping to users that are looking to shop anytime, anywhere. With strong payment and logistical support, Shopee is an e-commerce platform and online shopping app that provides all users with an easy, secure and fast online shopping experience.

SHOP ANYTIME, ANYWHERE

•        Browse and shop with ease from our comprehensive range of categories, including health & beauty, electronics, fashion, home & living, baby & toys and more
•        Shop online for quality product deals from official brands on Shopee Mall
•        Enjoy great savings from our daily Shocking Sale
•        Enjoy Free Shipping from more than 30,000 selected stores (up to 5KG for West Malaysia and up to 1KG for East Malaysia)
•        Explore Daily Discover section for tailored product offerings 
•        Earn Shopee Coins on purchases, daily check-in and games to enjoy more savings

SAFE ONLINE ENVIRONMENT

•        Make informed purchases – Scan through seller's ratings and reviews
•        Risk-free payment - Shopee Guarantee only releases payment upon confirming receipt of order
•        Strong logistics support - Track your orders from payment to delivery via up-to-date shipping information

SEAMLESS CHECKOUT & SECURE PAYMENT METHODS

•        Experience quick and convenient purchase process with our intuitive interface 
•        Transact with your preferred method - pay with bank transfer or credit card

APP HIGHLIGHTS

•        Search by category, brand and location
•        App-exclusive offers and daily deals notifications
•        Personalised product recommendations
•        Customer rating and reviews
•        Earn Shopee Coins with purchase, daily check-in and games
•        Order tracking
•        100% protection with Shopee Guarantee
•        Many more to come

-------------------
Give us a shout-out - we'd love to hear from you!
Visit our WEBSITE: www.shopee.com.my
Like us on FACEBOOK: facebook.com/ShopeeMY
Follow us on INSTAGRAM : @shopee_my","Shopee is the leading online shopping platform in Southeast Asia and Taiwan that offers convenient and seamless shopping to users that are looking to shop anytime, anywhere. With strong payment and logistical support, Shopee is an e-commerce platform and online shopping app that provides all users with an easy, secure and fast online shopping experience.<br><br>SHOP ANYTIME, ANYWHERE<br><br>•        Browse and shop with ease from our comprehensive range of categories, including health &amp; beauty, electronics, fashion, home &amp; living, baby &amp; toys and more<br>•        Shop online for quality product deals from official brands on Shopee Mall<br>•        Enjoy great savings from our daily Shocking Sale<br>•        Enjoy Free Shipping from more than 30,000 selected stores (up to 5KG for West Malaysia and up to 1KG for East Malaysia)<br>•        Explore Daily Discover section for tailored product offerings <br>•        Earn Shopee Coins on purchases, daily check-in and games to enjoy more savings<br><br>SAFE ONLINE ENVIRONMENT<br><br>•        Make informed purchases – Scan through seller&#39;s ratings and reviews<br>•        Risk-free payment - Shopee Guarantee only releases payment upon confirming receipt of order<br>•        Strong logistics support - Track your orders from payment to delivery via up-to-date shipping information<br><br>SEAMLESS CHECKOUT &amp; SECURE PAYMENT METHODS<br><br>•        Experience quick and convenient purchase process with our intuitive interface <br>•        Transact with your preferred method - pay with bank transfer or credit card<br><br>APP HIGHLIGHTS<br><br>•        Search by category, brand and location<br>•        App-exclusive offers and daily deals notifications<br>•        Personalised product recommendations<br>•        Customer rating and reviews<br>•        Earn Shopee Coins with purchase, daily check-in and games<br>•        Order tracking<br>•        100% protection with Shopee Guarantee<br>•        Many more to come<br><br>-------------------<br>Give us a shout-out - we&#39;d love to hear from you!<br>Visit our WEBSITE: www.shopee.com.my<br>Like us on FACEBOOK: facebook.com/ShopeeMY<br>Follow us on INSTAGRAM : @shopee_my",#1 Online Shopping Platform Free Shipping | Shocking Sale,#1 Online Shopping Platform Free Shipping | Shocking Sale,"10,000,000+",10000000,4.7665753,1135128,355636,"[23362, 7028, 21775, 106879, 976084]",0,True,USD,False,,,,False,,86M,4.1,4.1 and up,Shopee,Shopee,help@support.shopee.com.my,http://shopee.com.my,,http://shopee.com.my/privacy/,5551023969753163481,Shopping,SHOPPING,https://play-lh.googleusercontent.com/5mIl1uKNdprtkRFzr9zVfgwsjH8ITzhwbGktTHtJUVC2qE_Gflub7dN5Zjn2ZimVDTw,https://play-lh.googleusercontent.com/8_Buf4dcLZ4-jCQcMvPwQdn3HpLixidudaga2-VYmy3Oief6enDEqGbeLn1_yIomoFFn,"['https://play-lh.googleusercontent.com/A2Iwb1bYMDoNmzPcJJbwCLYe6wXVeTIH1c27J3kHz2bgE5fJzcGd75vRS6yDrF11woE', 'https://play-lh.googleusercontent.com/mIcNIh5F9Xu5Hyafq9EJeNsQQRJQrifuSM5lyDUeRn01MIv30E2D5PzVrsFG7Xr60w', 'https://play-lh.googleusercontent.com/5cz3LOoMGLlWR1NsOpVnnJIn6vA00KrbUC4RxEqnGnNtPMiVO1en9oFC9WDs7Cuzk0Q', 'https://play-lh.googleusercontent.com/bgo2gLczMowgO9q_tfAv5JK0lNkSHf-cytPnA5d3PDslCWea-UFdymbYOFEQUny8s20', 'https://play-lh.googleusercontent.com/6e1Nnsiw2v9ODODlwWd5ejW57QWr5U2b54CCr5J8axv8-maS3R1mdyc66DMgMPHpDrQ', 'https://play-lh.googleusercontent.com/sBYlMcKZz9n-5BYXn0EIds--pFg5vcin3K3Pq9k65VafgkFBDD8I41hgPJzqx_tSCcw']",,,Everyone,,,False,"May 3, 2017",1608200381,2.64.13,"Thanks for using Shopee! We’ve fixed some bugs and enhanced the performance of the app.

If you’ve enjoyed shopping on Shopee, please leave us a review. Thanks!","Thanks for using Shopee! We’ve fixed some bugs and enhanced the performance of the app.<br><br>If you’ve enjoyed shopping on Shopee, please leave us a review. Thanks!",com.shopee.my,https://play.google.com/store/apps/details?id=com.shopee.my&hl=en&gl=us
WhatsApp Messenger,"WhatsApp from Facebook

WhatsApp Messenger is a FREE messaging app available for Android and other smartphones. WhatsApp uses your phone's Internet connection (4G/3G/2G/EDGE or Wi-Fi, as available) to let you message and call friends and family. Switch from SMS to WhatsApp to send and receive messages, calls, photos, videos, documents, and Voice Messages.

WHY USE WHATSAPP:

• NO FEES: WhatsApp uses your phone's Internet connection (4G/3G/2G/EDGE or Wi-Fi, as available) to let you message and call friends and family, so you don't have to pay for every message or call.* There are no subscription fees to use WhatsApp.

• MULTIMEDIA: Send and receive photos, videos, documents, and Voice Messages.

• FREE CALLS: Call your friends and family for free with WhatsApp Calling, even if they're in another country.* WhatsApp calls use your phone's Internet connection rather than your cellular plan's voice minutes. (Note: Data charges may apply. Contact your provider for details. Also, you can't access 911 and other emergency service numbers through WhatsApp).

• GROUP CHAT: Enjoy group chats with your contacts so you can easily stay in touch with your friends or family.

• WHATSAPP WEB: You can also send and receive WhatsApp messages right from your computer's browser.

• NO INTERNATIONAL CHARGES: There's no extra charge to send WhatsApp messages internationally. Chat with your friends around the world and avoid international SMS charges.*

• SAY NO TO USERNAMES AND PINS: Why bother having to remember yet another username or PIN? WhatsApp works with your phone number, just like SMS, and integrates seamlessly with your phone's existing address book.

• ALWAYS LOGGED IN: With WhatsApp, you're always logged in so you don't miss messages. No more confusion about whether you're logged in or logged out.

• QUICKLY CONNECT WITH YOUR CONTACTS: Your address book is used to quickly and easily connect you with your contacts who have WhatsApp so there's no need to add hard-to-remember usernames.

• OFFLINE MESSAGES: Even if you miss your notifications or turn off your phone, WhatsApp will save your recent messages until the next time you use the app.

• AND MUCH MORE: Share your location, exchange contacts, set custom wallpapers and notification sounds, broadcast messages to multiple contacts at once, and more!

*Data charges may apply. Contact your provider for details.

--------------------------------------------------------- 
We're always excited to hear from you! If you have any feedback, questions, or concerns, please email us at:

android-support@whatsapp.com

or follow us on twitter:

http://twitter.com/WhatsApp
@WhatsApp
---------------------------------------------------------","WhatsApp from Facebook<br><br>WhatsApp Messenger is a FREE messaging app available for Android and other smartphones. WhatsApp uses your phone&#39;s Internet connection (4G/3G/2G/EDGE or Wi-Fi, as available) to let you message and call friends and family. Switch from SMS to WhatsApp to send and receive messages, calls, photos, videos, documents, and Voice Messages.<br><br>WHY USE WHATSAPP:<br><br>• NO FEES: WhatsApp uses your phone&#39;s Internet connection (4G/3G/2G/EDGE or Wi-Fi, as available) to let you message and call friends and family, so you don&#39;t have to pay for every message or call.* There are no subscription fees to use WhatsApp.<br><br>• MULTIMEDIA: Send and receive photos, videos, documents, and Voice Messages.<br><br>• FREE CALLS: Call your friends and family for free with WhatsApp Calling, even if they&#39;re in another country.* WhatsApp calls use your phone&#39;s Internet connection rather than your cellular plan&#39;s voice minutes. (Note: Data charges may apply. Contact your provider for details. Also, you can&#39;t access 911 and other emergency service numbers through WhatsApp).<br><br>• GROUP CHAT: Enjoy group chats with your contacts so you can easily stay in touch with your friends or family.<br><br>• WHATSAPP WEB: You can also send and receive WhatsApp messages right from your computer&#39;s browser.<br><br>• NO INTERNATIONAL CHARGES: There&#39;s no extra charge to send WhatsApp messages internationally. Chat with your friends around the world and avoid international SMS charges.*<br><br>• SAY NO TO USERNAMES AND PINS: Why bother having to remember yet another username or PIN? WhatsApp works with your phone number, just like SMS, and integrates seamlessly with your phone&#39;s existing address book.<br><br>• ALWAYS LOGGED IN: With WhatsApp, you&#39;re always logged in so you don&#39;t miss messages. No more confusion about whether you&#39;re logged in or logged out.<br><br>• QUICKLY CONNECT WITH YOUR CONTACTS: Your address book is used to quickly and easily connect you with your contacts who have WhatsApp so there&#39;s no need to add hard-to-remember usernames.<br><br>• OFFLINE MESSAGES: Even if you miss your notifications or turn off your phone, WhatsApp will save your recent messages until the next time you use the app.<br><br>• AND MUCH MORE: Share your location, exchange contacts, set custom wallpapers and notification sounds, broadcast messages to multiple contacts at once, and more!<br><br>*Data charges may apply. Contact your provider for details.<br><br>--------------------------------------------------------- <br>We&#39;re always excited to hear from you! If you have any feedback, questions, or concerns, please email us at:<br><br>android-support@whatsapp.com<br><br>or follow us on twitter:<br><br>http://twitter.com/WhatsApp<br>@WhatsApp<br>---------------------------------------------------------",Simple. Personal. Secure.,Simple. Personal. Secure.,"5,000,000,000+",5000000000,4.305002,126906601,37607416,"[11889601, 3974752, 7465695, 13785773, 89790780]",0,True,USD,False,,,,False,,Varies with device,Varies,Varies with device,WhatsApp Inc.,WhatsApp+Inc.,android@support.whatsapp.com,http://www.whatsapp.com/,"1601 Willow Road
Menlo Park, CA 94025",http://www.whatsapp.com/legal/#Privacy,5191370068110375942,Communication,COMMUNICATION,https://play-lh.googleusercontent.com/bYtqbOcTYOlgc6gqZ2rwb8lptHuwlNE75zYJu6Bn076-hTmvd96HH-6v7S0YUAAJXoJN,https://play-lh.googleusercontent.com/aZrXAunkovhf0630Ykz1A7h2rzFX_dErd6fRiB7fNKU_DkNtetTquEra1bjc3sR2kLs,"['https://play-lh.googleusercontent.com/MMue08byixTw74ST_VkNQDUUJBgVEbjNHDYLhIuHmYhMIMJIp3KjVlnhhqZQOZUtNt8', 'https://play-lh.googleusercontent.com/foFmwvVGIwWWXJIukN7png18lFjFgbw3K7BqIm8G-jsFgSTVtkCa-dDkFApUzbvzIvbe', 'https://play-lh.googleusercontent.com/iLgMXFO5qEPlTffpI21zaoG51AORnfu8NPb_2SdAXYgOYcb-xDOMfCryPhVvGNjoew', 'https://play-lh.googleusercontent.com/ElfUPGX67gv0TNQXuDxQGa5a4BYnLAZIgJJmoNoARvqlLQsKEQcNNWz-J_zqGV5vzQ', 'https://play-lh.googleusercontent.com/wBgVA58O2xncQkksLatHGoNLI8L6o_1ZM8AC3GCScxCyaDOWOvMsMilaj1Scp3kEOIw', 'https://play-lh.googleusercontent.com/nknhZ6--QSyZlohrv72BaPlwO2EHPvGKJY8NNACYY0IY8j4QKYATP6alT1yyMYb-35j9']",,,Everyone,,,False,"Oct 18, 2010",1607062110,Varies with device,"* Introducing disappearing messages. Now you can set chats to disappear after 7 days.
* Search your stickers with text and emoji or categories.
* Decorate your photos and videos with smoother drawing and new alignment guides.
* Now you can set a custom wallpaper for a chat or set a dark mode wallpaper. Choose from a refreshed wallpaper gallery or new colors over the doodle background.",* Introducing disappearing messages. Now you can set chats to disappear after 7 days.<br>* Search your stickers with text and emoji or categories.<br>* Decorate your photos and videos with smoother drawing and new alignment guides.<br>* Now you can set a custom wallpaper for a chat or set a dark mode wallpaper. Choose from a refreshed wallpaper gallery or new colors over the doodle background.,com.whatsapp,https://play.google.com/store/apps/details?id=com.whatsapp&hl=en&gl=us
Roof Rails,"Catch the rails and slide to the next roof!

Remember that collecting helps you grow your pole

Can you make it to the end?",Catch the rails and slide to the next roof!<br><br>Remember that collecting helps you grow your pole<br><br>Can you make it to the end?,Simple And Fun,Simple And Fun,"10,000,000+",10000000,3.9399142,33697,12045,"[5716, 1644, 2192, 3539, 20606]",0,True,XXX,False,,,,True,$3.49 per item,64M,7.0,7.0 and up,VOODOO,VOODOO,contact@voodoo.io,https://www.voodoo.io/,"4 rue Jules Lefebvre, 75009 Paris",https://www.voodoo.io/privacy,8306041507631589049,Casual,GAME_CASUAL,https://play-lh.googleusercontent.com/zdUG6I-OuCwF8Y4KS_61tgxEtUljIYZsjqtFqz9h-hwCnwdLfMJ-ZdrqD-rnm-yWpw,https://play-lh.googleusercontent.com/Hjxt1pYGZTmGdpdmKx-neR-8AwtdKSkQEceTwKayRyL3qhDrNp0hmg1b0oW_15ObkUlP,"['https://play-lh.googleusercontent.com/6faaO1J8hr-yiCfm1j0V-YEmTEQ8mEGtM87PK6p1oaeVQw1hMLCrSWyuSwYL1Pz3YiA', 'https://play-lh.googleusercontent.com/4AUX00fK1RF21pnzA3ZaK9DpEZG21eub6prQRb42quGeUocWjeb6lltDdqEv2n9rTcA', 'https://play-lh.googleusercontent.com/VwZ5BtHtVX314jAU77CDSzDMDSJ_ALPrrTIJb5KtCVpTf4XH9K2EhHnrwIEax0mUXgw', 'https://play-lh.googleusercontent.com/-VDxWvEA0YtOp5zh7Qvr_wLHo8vy5YR4x5ZvXqHvdeMKg4sejn-d7JdO6shU83rcayc', 'https://play-lh.googleusercontent.com/A5L5ddmuIJhVPHHzJPIL3LdYrbcSkdhGLQ11TG8rUdWeZSdAZdndT7YoB9houIltAckX', 'https://play-lh.googleusercontent.com/JFtf9vZEgJXWhqZLccrSRDtgMM_SRdlzdtoBwsmeH9MluX821sKHl-Vqfa_oV3wuQVs', 'https://play-lh.googleusercontent.com/7aTmJmxn0gvGSBHB87iWRJ2OIzgbs0VEwNLQdKkf3CDju0ixfMhatDti9kPfinhfVMvE', 'https://play-lh.googleusercontent.com/Uhp8Pg5kDp3y9oSkJgXqBmGUxpSK-gFhFh3aMjFYP4otAGCKs5zRzZF6yjEbmhR6mg', 'https://play-lh.googleusercontent.com/O_Zzp-ZV1cjjPR065ZZIoZ9fpP3JAOVyv1NbaD6EeQOqtKu7BqGLQ8mgC5Rt439J190', 'https://play-lh.googleusercontent.com/V4LwqHcz1-O36uAh4MsclICXGicjCGuQ0th8kN3YvcOntGjzaxMA9n2kl_qCfCNobg', 'https://play-lh.googleusercontent.com/19E7x5Y0XfkoLKwv9J9bsCL2dEwh1qAMawOamNVsSjKKLcjqCw19_TvLVkIOXCLrh2U', 'https://play-lh.googleusercontent.com/4FCQKdWMdkXdLs9f5Z0ZlplVMULNK0B-iso_fjRq9LHWXUET8sO3eX49b8lKVZ6By-s', 'https://play-lh.googleusercontent.com/GU5ZQa1D5j5BBeKLG3fdYyvHUf36p60z8pLf-rrvEnotVUCXeeG0z6zQ-rOUIaH6N8k', 'https://play-lh.googleusercontent.com/UEQ6pD91dcMK8EchFUfz4Z8mGqDN_gbmIQgoN2dYY1KJf-xD0dRzNqqjVedLTQ5fwA', 'https://play-lh.googleusercontent.com/RvlE569d8JTLypKaGY2ayab-Pl55gaUixzM2H_Y0m63WNRYNhyibixY4C8R2c3W8Mjw1']",,,Everyone,,True,True,"Oct 27, 2020",1608311496,1.4.3,Fixed a few bugs,Fixed a few bugs,com.pixelbox.roofrails,https://play.google.com/store/apps/details?id=com.pixelbox.roofrails&hl=en&gl=us
Telegram,"Pure instant messaging — simple, fast, secure, and synced across all your devices. Over 400 million active users.

FAST: Telegram is the fastest messaging app on the market, connecting people via a unique, distributed network of data centers around the globe.

SYNCED: You can access your messages from all your devices at once. Start typing on your phone and finish the message from your tablet or laptop. Never lose your data again.

UNLIMITED: You can send media and files, without any limits on their type and size. Your entire chat history will require no disk space on your device, and will be securely stored in the Telegram cloud for as long as you need it.

SECURE: We made it our mission to provide the best security combined with ease of use. Everything on Telegram, including chats, groups, media, etc. is encrypted using a combination of 256-bit symmetric AES encryption, 2048-bit RSA encryption, and Diffie–Hellman secure key exchange.

POWERFUL: You can create group chats for up to 200,000 members, share large videos, documents of any type (.DOCX, .MP3, .ZIP, etc.), and even set up bots for specific tasks. It's the perfect tool for hosting online communities and coordinating teamwork.

RELIABLE: Built to deliver your messages in the minimum bytes possible, Telegram is the most reliable messaging system ever made. It works even on the weakest mobile connections. 

FUN: Telegram has powerful photo and video editing tools and an open sticker/GIF platform to cater to all your expressive needs.

SIMPLE: While providing an unprecedented array of features, we are taking great care to keep the interface clean. With its minimalist design, Telegram is lean and easy to use.

100% FREE & NO ADS: Telegram is free and will always be free. We are not going to sell ads or introduce subscription fees. 

PRIVATE: We take your privacy seriously and will never give third parties access to your data.

For those interested in maximum privacy, Telegram offers Secret Chats. Secret Chat messages can be programmed to self-destruct automatically from both participating devices. This way you can send all types of disappearing content — messages, photos, videos, and even files. Secret Chats use end-to-end encryption to ensure that a message can only be read by its intended recipient.

We keep expanding the boundaries of what you can do with a messaging app. Don’t wait years for older messengers to catch up with Telegram — join the revolution today.","Pure instant messaging — simple, fast, secure, and synced across all your devices. Over 400 million active users.<br><br>FAST: Telegram is the fastest messaging app on the market, connecting people via a unique, distributed network of data centers around the globe.<br><br>SYNCED: You can access your messages from all your devices at once. Start typing on your phone and finish the message from your tablet or laptop. Never lose your data again.<br><br>UNLIMITED: You can send media and files, without any limits on their type and size. Your entire chat history will require no disk space on your device, and will be securely stored in the Telegram cloud for as long as you need it.<br><br>SECURE: We made it our mission to provide the best security combined with ease of use. Everything on Telegram, including chats, groups, media, etc. is encrypted using a combination of 256-bit symmetric AES encryption, 2048-bit RSA encryption, and Diffie–Hellman secure key exchange.<br><br>POWERFUL: You can create group chats for up to 200,000 members, share large videos, documents of any type (.DOCX, .MP3, .ZIP, etc.), and even set up bots for specific tasks. It&#39;s the perfect tool for hosting online communities and coordinating teamwork.<br><br>RELIABLE: Built to deliver your messages in the minimum bytes possible, Telegram is the most reliable messaging system ever made. It works even on the weakest mobile connections. <br><br>FUN: Telegram has powerful photo and video editing tools and an open sticker/GIF platform to cater to all your expressive needs.<br><br>SIMPLE: While providing an unprecedented array of features, we are taking great care to keep the interface clean. With its minimalist design, Telegram is lean and easy to use.<br><br>100% FREE &amp; NO ADS: Telegram is free and will always be free. We are not going to sell ads or introduce subscription fees. <br><br>PRIVATE: We take your privacy seriously and will never give third parties access to your data.<br><br>For those interested in maximum privacy, Telegram offers Secret Chats. Secret Chat messages can be programmed to self-destruct automatically from both participating devices. This way you can send all types of disappearing content — messages, photos, videos, and even files. Secret Chats use end-to-end encryption to ensure that a message can only be read by its intended recipient.<br><br>We keep expanding the boundaries of what you can do with a messaging app. Don’t wait years for older messengers to catch up with Telegram — join the revolution today.",Telegram is a messaging app with a focus on speed and security.,Telegram is a messaging app with a focus on speed and security.,"500,000,000+",500000000,4.4546895,6544663,1851765,"[441488, 142446, 331026, 713526, 4916177]",0,True,USD,False,,,,False,,Varies with device,Varies,Varies with device,Telegram FZ-LLC,Telegram+FZ-LLC,support@telegram.org,https://telegram.org,"Business Central Towers, Tower A, Office 1003/1004, P.O. Box 501919, Dubai, United Arab Emirates",https://telegram.org/privacy,4683768920544607034,Communication,COMMUNICATION,https://play-lh.googleusercontent.com/ZU9cSsyIJZo6Oy7HTHiEPwZg0m2Crep-d5ZrfajqtsH-qgUXSqKpNA2FpPDTn-7qA5Q,https://play-lh.googleusercontent.com/pgiel6OzR01do2sPxONlteJ5_GAwD6W-JpiF98hdns3XinShKZkziUd1B8sG-8qa,"['https://play-lh.googleusercontent.com/shqQKbsBIGC3kzpav3kekZCBQ0dNUsrZja93Fte01p-dVw_9mo-fNOXaeKNCUclNYPk', 'https://play-lh.googleusercontent.com/eqN193Wmmv5RPdMsDPAR8VQJqnyk_DuXq3D5Pz0j8aMl6JoaI2dkaKzjVvNMbx5fZw', 'https://play-lh.googleusercontent.com/TZpIMA3qMia-I6ROwhSNkjT5iXiFxUPJOf_OBXR1HnPjs0F3q_6ZG8g8vpKkgowEAA', 'https://play-lh.googleusercontent.com/SHQuv3gFqm_P0icyDmGcoQmBd6NuGxW3EmdTncutIMeYxW7HAKCgP-ZqltQyYLAF2yI', 'https://play-lh.googleusercontent.com/L6cksF8TfDJjWGlWOvGp2HNZV17woOb1JjQ-GSa1R50dX89veCdOEtWqaf97wZUmFg', 'https://play-lh.googleusercontent.com/31ZNmmQ2fcTRju8F9K9RaYRKRzGR-tlH4FfjvkPKkzcwATp0C25P-fUgZpDf2Xw914R9', 'https://play-lh.googleusercontent.com/lE-yVAcjm1rfr2TGIquOJ6vdkIR96VqW9AHPenKfUjjJr5L6kePiy-atQjC8e4kQ_RQ', 'https://play-lh.googleusercontent.com/0zfne3O_M0c0FDZNxOdrsE1dF20SIchDzy_9E1UzbnM1IAX3LsCOePr4DTlfOM8z5w', 'https://play-lh.googleusercontent.com/pl0i5aqdxd_3UB6QLEZKYsOkzKf-oyE0BQynYRi_rpbAhBQ4qATkUxiJv7UET0K00w', 'https://play-lh.googleusercontent.com/xmKS4i25uwOn9hr23ETfN7ZH3TBTo-DUi8HE3gMQ1PBzF_BucjXyErz32E3UNvt_VLMH', 'https://play-lh.googleusercontent.com/dkXRFToQ25OvIvpR-kWZXW9ZQJ9ax2MLGfidcMXye6GkwUPrKMAucjqTqsO1MFr5_BcM', 'https://play-lh.googleusercontent.com/hRkLLiEWbl26MYzSLeSezpXzNVypeuxizZk47KhLtruTPVKfG4bnUB0P87KVuB1UBVpU', 'https://play-lh.googleusercontent.com/0W9hrBPxU_XlF4mu3dDYuDFShGl-fxvmdsvCqBKO45fWZWG7nQHp6LFgcb-bCdLJIVE']",,,Mature 17+,,,False,"Sep 6, 2013",1608839750,Varies with device,"• Turn any of your group chats into a hop-on, hop-off conference call with up to several thousand participants.
• Store Telegram data on your SD card.
• Edit photos you've sent without re-sending.
• Download stickers faster and watch shimmering outlines as they load.
• Enjoy new animations for the “New message” button, user profiles, chat folders and message counters.

View the complete list of changes in-app or on our blog.","• Turn any of your group chats into a hop-on, hop-off conference call with up to several thousand participants.<br>• Store Telegram data on your SD card.<br>• Edit photos you&#39;ve sent without re-sending.<br>• Download stickers faster and watch shimmering outlines as they load.<br>• Enjoy new animations for the “New message” button, user profiles, chat folders and message counters.<br><br>View the complete list of changes in-app or on our blog.",org.telegram.messenger,https://play.google.com/store/apps/details?id=org.telegram.messenger&hl=en&gl=us
Google Meet - Secure Video Meetings,"Securely connect, collaborate, and celebrate from anywhere. With Google Meet, everyone can safely create and join high-quality video meetings for groups of up to 250 people.

 • Meet safely - video meetings are encrypted in transit and our array of safety measures are continuously updated for added protection
• Host large meetings - invite up to 250 participants to a meeting, whether they’re in the same team or outside of your organization
• Easy access on any device - share a link and invite team members to join your conversations with one click from a web browser or the Google Meet mobile app
• Share your screen - present documents, slides, and more during your conference call.
• Participate in broadcasted events - teams, businesses, and schools can view and present in live-streamed events that include up to 100,000 in-domain viewers
• Record for later - for important events on your calendar, hit record while in the meeting and get the recording file straight from Google Drive
• Follow along - live, real-time captions powered by Google speech-to-text technology

Follow us for more:
Twitter: https://twitter.com/gsuite
Linkedin: https://www.linkedin.com/showcase/gsuite
Facebook: https://www.facebook.com/gsuitebygoogle/","Securely connect, collaborate, and celebrate from anywhere. With Google Meet, everyone can safely create and join high-quality video meetings for groups of up to 250 people.<br><br> • Meet safely - video meetings are encrypted in transit and our array of safety measures are continuously updated for added protection<br>• Host large meetings - invite up to 250 participants to a meeting, whether they’re in the same team or outside of your organization<br>• Easy access on any device - share a link and invite team members to join your conversations with one click from a web browser or the Google Meet mobile app<br>• Share your screen - present documents, slides, and more during your conference call.<br>• Participate in broadcasted events - teams, businesses, and schools can view and present in live-streamed events that include up to 100,000 in-domain viewers<br>• Record for later - for important events on your calendar, hit record while in the meeting and get the recording file straight from Google Drive<br>• Follow along - live, real-time captions powered by Google speech-to-text technology<br><br>Follow us for more:<br>Twitter: https://twitter.com/gsuite<br>Linkedin: https://www.linkedin.com/showcase/gsuite<br>Facebook: https://www.facebook.com/gsuitebygoogle/",Connect and collaborate easily with Google Meet,Connect and collaborate easily with Google Meet,"100,000,000+",100000000,3.2357004,1039426,399079,"[374182, 37980, 64070, 95049, 468145]",0,True,USD,False,,,,False,,Varies with device,Varies,Varies with device,Google LLC,5700313618786177705,apps-help@google.com,https://support.google.com/a/answer/7126817,"1600 Amphitheatre Parkway, Mountain View 94043",http://www.google.com/policies/privacy,5700313618786177705,Business,BUSINESS,https://play-lh.googleusercontent.com/GBYSf20osBl2CRHbjGOyaOG5kQ3G4xbRau-dzScU9ozuXQJtnUZPkR3IqEDOo5OiVgU,https://play-lh.googleusercontent.com/yPqfLCnqviQmqF6kB_HdV7AGc0MEFVTy2R1HPli6tUavQo2_qRLSbM0ilvEbvT-34M0,"['https://play-lh.googleusercontent.com/VjEowusVgkHu0juqc-eXOIz20ID5QfY67choMySG8EeKVD0BNHyd1nXPZ31h42yM0r9G', 'https://play-lh.googleusercontent.com/oODNo4UuIbur1uMa3zjN7aXS-ljkilQ-EovPs44VGtml6DvQCQHTrqIR3eAiG-caOg', 'https://play-lh.googleusercontent.com/fpZrJdpzEVDZZoxrkGShvhl-QKLrtG8NIrzlEXkjrvKqYaVNRyJdAKKjb4o5ei66_Vsy', 'https://play-lh.googleusercontent.com/jh5TcVX1NdbY0HMdLgCg7niNFnsla8AqNn1i2_9YWBmk6g-C08d5Zi2kKwvT7HN8NbE', 'https://play-lh.googleusercontent.com/-Je6zjX2FduLD2NLCo5FXZ9ssi9SR01WdFPVa5rfeG8fzgMp2CWjL-CrplRa6x7RfXg', 'https://play-lh.googleusercontent.com/3zijY_Ptqy9ZZegPadfoOJFa-ODoaEoRS82Rm3UyS3KVuNU9AKiVVg6MI1ZMFmEMKU8', 'https://play-lh.googleusercontent.com/07QAOgQJga6-Gh5bZmDfwuePJIBgDG45LXhVPxaw1tqIrlXbHIGuFj5UeJ6XzLEgFqQ', 'https://play-lh.googleusercontent.com/0sjn7VnpTKhBs-a2FuThxgQDMeoV9R1IW81nBpEgh91UpHH43NaoKhSBl_S_N8zlgttq', 'https://play-lh.googleusercontent.com/eBeARt8Evgs7B5IRfGCoXS6VAGK4PJo9KyDLLvMqkMHriozJu9nU1zl-tbsoZ7yfrZs', 'https://play-lh.googleusercontent.com/AbFzpPgcwyKTFhc-SyjEaohN8SeHjUMjpIlYcbgApQxtXrESz0ae99cksA0DC9Q7XFE3', 'https://play-lh.googleusercontent.com/ZjGiLMhYfunh4p2kG87iY3UFpOIBm2nlhJExL8MQzPaYIGfaf-RQeMxlMU23nbc-PQQ', 'https://play-lh.googleusercontent.com/rue3RSO-FKU2ZVk34JSElvryfgAfq1RNaYKbMv_ql77F4Oz9rmRpj6UFnFumz9EkeNY', 'https://play-lh.googleusercontent.com/p601Rwo8BSXBK9QkhZ0V1y5A4kXOWHQrfg1hRviFDnGZQLUjdFQLAw2wzqDQRCSn6w', 'https://play-lh.googleusercontent.com/C5K285LCm4i07P2hXibzTgSwWPmDqafp6Gw73JwuHe7VLeuPcXHpsTkQiAC1jK__CzQ5', 'https://play-lh.googleusercontent.com/2TI4vyejYJ37a2QYDio0HL6LDmKjXzdEt5hkQe7_y--GKham4Hac6TPCv1fveGwQpS8']",https://www.youtube.com/embed/8vp2mF2wDiI?ps=play&vq=large&rel=0&autohide=1&showinfo=0,https://i.ytimg.com/vi/8vp2mF2wDiI/hqdefault.jpg,Everyone,,,False,"Mar 9, 2017",1608157897,Varies with device,"• Improved support for 250 person meetings
• Real-time captions
• International dial-in numbers for any meeting
• Bug fixes and performance improvements",• Improved support for 250 person meetings<br>• Real-time captions<br>• International dial-in numbers for any meeting<br>• Bug fixes and performance improvements,com.google.android.apps.meetings,https://play.google.com/store/apps/details?id=com.google.android.apps.meetings&hl=en&gl=us
Wish - Shopping Made Fun,"Millions of shoppers are loving the Christmas deals they find on Wish. 🎁 If not, our mighty team of customer support elves is always ready to help. 💁💁‍♂‍ We’re committed to making holiday shopping quick and stress-free, so that you have more time for what matters this Christmas. ✨

Style doesn’t have to be expensive.
Wish is a mobile shopping app that lets you shop over 100 million high-quality items at 60-90% off!

HOW IS WISH SO AFFORDABLE?
Wish connects shoppers directly to over 100 million manufacturers, so shoppers can find affordable goods. There’s no middle man, so prices are lower and the quality is the same as what you’d get at the mall.

BUY WITH CONFIDENCE
We take your security seriously and process your purchases securely.

JOIN 500+ MILLION USERS
Over 500+ million people use Wish to shop affordable goods. So skip the shopping mall and find lower prices on Wish.

REVIEWS, VIDEOS & PHOTOS
Read through customer reviews, view photos, and watch videos of their purchases to find the best deals. 

TRACKING
Track your purchases.

CUSTOMER SUPPORT
If you have questions about your order, reach our customer service easily through the app. Our customer service responds quickly.

30-DAY RETURN POLICY
Plus, if it’s not perfect, we have a 30-day return policy.

SAVE ON BRANDS
We now offer brands at affordable prices on Wish Outlet. Find discounted Apple, Samsonite, Burberry, Coach, Michael Kors, Ray Ban, Fossil, Guess, Tommy Hilfiger, Champion, Sperry and more!

5-7 DAY SHIPPING
Get faster shipping with Wish Express! Items with the Wish Express truck icon arrive at your door in 5-7 days.

SAVE BIGGER
Spin Blitz Buy to win more savings. When you spin Blitz Buy, you win access to extra discounts.

EARN REWARDS
Collect points with each purchase and redeem them for reward coupons.

60-90% OFF THESE CATEGORIES
Find discounts on trendy fashion, shoes, gadgets, kitchen tools, home goods, kids items, beauty, jewelry, watches, accessories, and more.

SKIP THE MALL, SHOP ON YOUR PHONE FOR....
Trendy womens fashion: dresses, jackets, bottoms, tops, sweaters, athleisure, swimwear, lingerie...

Quality mens fashion: jackets, sweaters, jeans, shirts, button-up tops, workout wear, underwear...

Accessories: hats, socks, scarves, belts, jewelry, watches, gym bags, travel bags, purses, backpacks...

Electronics: fitness trackers, cameras, drones, phone cases, battery packs, headphones, gadgets...

Beauty: brushes, skincare, perfume, lipstick, eyeshadow, foundation...

Shoes: sneakers, running shoes, boots, sandals, heels...

Home Goods: kitchen tools, cookware, knives, trendy home decor, lights, sheets, furniture...

Kids: clothes, toys, school supplies, baby gear...

Sports: exercise gear, weights, soccer, basketball, mens workout clothes, women’s athleisure...

Auto: organizers, cleaners, phone chargers...

WISH and the W logo are trademarks of ContextLogic Inc., registered in the U.S. Patent and Trademark Office and in other countries. All rights reserved.","Millions of shoppers are loving the Christmas deals they find on Wish. 🎁 If not, our mighty team of customer support elves is always ready to help. 💁💁‍♂‍ We’re committed to making holiday shopping quick and stress-free, so that you have more time for what matters this Christmas. ✨<br><br>Style doesn’t have to be expensive.<br>Wish is a mobile shopping app that lets you shop over 100 million high-quality items at 60-90% off!<br><br>HOW IS WISH SO AFFORDABLE?<br>Wish connects shoppers directly to over 100 million manufacturers, so shoppers can find affordable goods. There’s no middle man, so prices are lower and the quality is the same as what you’d get at the mall.<br><br>BUY WITH CONFIDENCE<br>We take your security seriously and process your purchases securely.<br><br>JOIN 500+ MILLION USERS<br>Over 500+ million people use Wish to shop affordable goods. So skip the shopping mall and find lower prices on Wish.<br><br>REVIEWS, VIDEOS &amp; PHOTOS<br>Read through customer reviews, view photos, and watch videos of their purchases to find the best deals. <br><br>TRACKING<br>Track your purchases.<br><br>CUSTOMER SUPPORT<br>If you have questions about your order, reach our customer service easily through the app. Our customer service responds quickly.<br><br>30-DAY RETURN POLICY<br>Plus, if it’s not perfect, we have a 30-day return policy.<br><br>SAVE ON BRANDS<br>We now offer brands at affordable prices on Wish Outlet. Find discounted Apple, Samsonite, Burberry, Coach, Michael Kors, Ray Ban, Fossil, Guess, Tommy Hilfiger, Champion, Sperry and more!<br><br>5-7 DAY SHIPPING<br>Get faster shipping with Wish Express! Items with the Wish Express truck icon arrive at your door in 5-7 days.<br><br>SAVE BIGGER<br>Spin Blitz Buy to win more savings. When you spin Blitz Buy, you win access to extra discounts.<br><br>EARN REWARDS<br>Collect points with each purchase and redeem them for reward coupons.<br><br>60-90% OFF THESE CATEGORIES<br>Find discounts on trendy fashion, shoes, gadgets, kitchen tools, home goods, kids items, beauty, jewelry, watches, accessories, and more.<br><br>SKIP THE MALL, SHOP ON YOUR PHONE FOR....<br>Trendy womens fashion: dresses, jackets, bottoms, tops, sweaters, athleisure, swimwear, lingerie...<br><br>Quality mens fashion: jackets, sweaters, jeans, shirts, button-up tops, workout wear, underwear...<br><br>Accessories: hats, socks, scarves, belts, jewelry, watches, gym bags, travel bags, purses, backpacks...<br><br>Electronics: fitness trackers, cameras, drones, phone cases, battery packs, headphones, gadgets...<br><br>Beauty: brushes, skincare, perfume, lipstick, eyeshadow, foundation...<br><br>Shoes: sneakers, running shoes, boots, sandals, heels...<br><br>Home Goods: kitchen tools, cookware, knives, trendy home decor, lights, sheets, furniture...<br><br>Kids: clothes, toys, school supplies, baby gear...<br><br>Sports: exercise gear, weights, soccer, basketball, mens workout clothes, women’s athleisure...<br><br>Auto: organizers, cleaners, phone chargers...<br><br>WISH and the W logo are trademarks of ContextLogic Inc., registered in the U.S. Patent and Trademark Office and in other countries. All rights reserved.",Shop millions of stores in your hands.,Shop millions of stores in your hands.,"500,000,000+",500000000,4.528454,11173741,4379271,"[554757, 130109, 472059, 1715461, 8301355]",0,True,USD,False,,,,False,,23M,5.0,5.0 and up,Wish Inc.,Wish+Inc.,support@wish.com,http://www.wish.com,,http://www.wish.com/privacy_policy,5800453230919202144,Shopping,SHOPPING,https://play-lh.googleusercontent.com/GmR6jFq7tooOB3ocGmNQLoIPAGuGDZzyYtlz4PIWXDCRDvnqBSmqNpaZmaKdAOFZM2aW,https://play-lh.googleusercontent.com/qHgAAHUriLfJt4pMKDuoyJO4i_d-JJ7Se7FSw4s3PBoU9P5EeRIv0wviDj9mCdHr488,"['https://play-lh.googleusercontent.com/3n4mKnC1DeDArxfYQr5tKyVSQn5mv5GOnM4QspMkjylE6dMY4T41P85zz8hMlbihc8Wa', 'https://play-lh.googleusercontent.com/ub76Lu2Ai9s8GSkRlSBqDEVBn217pWfpyYuZGTTvjZGrF6yAx6PfNUCHY5j0LbWSpJg', 'https://play-lh.googleusercontent.com/OA8lIblDLvxTTySqIicnTDtxmHzdsGDpVfDes9G4w_hvyCW5RU_eUZ-Ik6ywky2dC6M', 'https://play-lh.googleusercontent.com/CAzyRouC5BKBemmkNg3keTitEghFlOj1W8s81Og0CvmuRyRRBu-egs8eh1aSiRYbkyw3', 'https://play-lh.googleusercontent.com/lmeSTTIUANIrH6wWvkGdxXEZ5dWE3AmbhqnP_oxcrjN85tnddP-98mWQ8skV_ghMXA', 'https://play-lh.googleusercontent.com/xF0_5-tTmMK43iS5FUuO9YyQw9BLpgLshMrQgaKAUyirW3qFTF2OUHbe670Q4D0VGt8', 'https://play-lh.googleusercontent.com/laI5O4z4EOZbBQNSsitcnc1uQFNHDXuJaSr7BS50_PW21KKphdDtH4MY-SAMZhdimGw']",,,Teen,,,False,"Jul 26, 2012",1608263147,4.45.0,,,com.contextlogic.wish,https://play.google.com/store/apps/details?id=com.contextlogic.wish&hl=en&gl=us
foodpanda - Local Food & Grocery Delivery,"foodpanda – food and more, delivered
 
Craving something delicious from your favourite restaurant? Forgot to pick up the shopping on your way home? We deliver food and groceries in a flash – whatever you’re after. It’s our mission to bring everything you want, need or crave right to your door, whether it’s a meal from your favourite local restaurant or same day grocery delivery and cleaning supplies.
 
download the app to check if we're in your city
 
Our app is crammed with the greatest food experiences in the world. Hungry for wood-fired pizza, a classic burger or super fresh sushi? We know the best food for every cuisine that your city has to offer. foodpanda is the best food delivery service in your city – so take the first bite and download now!

Plus there’s more to foodpanda than restaurants. Missing milk? Batteries? Detergent? Order from thousands of products with shops on foodpanda. It's online grocery delivery without the wait. Choose your favourite shops for everything from groceries to drinks to health to pharmaceuticals and even electronics.
 
how it works
 
First, enter your address (home/office/treehouse). Then, choose your favourite restaurant or shop and place an order. They prepare your items and, once they’re ready, our courier brings them to you. If you need something to watch, you can track your rider in real-time. Just sit back and enjoy.
 
what makes us special
 
Whether you’re looking for the biggest brands or your favourite local restaurant or shop, foodpanda works with the best spots near you. Pizza or sushi? Groceries or gifts? Whatever you’re after, our rider will be at your doorstep with a smile, while you save time to do something else you love. 
 
talk to us
 
If you’ve ordered with us before, we want to know what you think. Give us your food thoughts/confessionals at support@foodpanda.com


For further info, visit
https://www.foodpanda.bn
https://www.foodpanda.com.kh
https://www.foodpanda.com.mm
https://www.foodpanda.com.tw
https://www.foodpanda.co.th
https://www.foodpanda.hk
https://www.foodpanda.la
https://www.foodpanda.my
https://www.foodpanda.ph
https://www.foodpanda.pk
https://www.foodpanda.sg","foodpanda – food and more, delivered<br> <br>Craving something delicious from your favourite restaurant? Forgot to pick up the shopping on your way home? We deliver food and groceries in a flash – whatever you’re after. It’s our mission to bring everything you want, need or crave right to your door, whether it’s a meal from your favourite local restaurant or same day grocery delivery and cleaning supplies.<br> <br>download the app to check if we&#39;re in your city<br> <br>Our app is crammed with the greatest food experiences in the world. Hungry for wood-fired pizza, a classic burger or super fresh sushi? We know the best food for every cuisine that your city has to offer. foodpanda is the best food delivery service in your city – so take the first bite and download now!<br><br>Plus there’s more to foodpanda than restaurants. Missing milk? Batteries? Detergent? Order from thousands of products with shops on foodpanda. It&#39;s online grocery delivery without the wait. Choose your favourite shops for everything from groceries to drinks to health to pharmaceuticals and even electronics.<br> <br>how it works<br> <br>First, enter your address (home/office/treehouse). Then, choose your favourite restaurant or shop and place an order. They prepare your items and, once they’re ready, our courier brings them to you. If you need something to watch, you can track your rider in real-time. Just sit back and enjoy.<br> <br>what makes us special<br> <br>Whether you’re looking for the biggest brands or your favourite local restaurant or shop, foodpanda works with the best spots near you. Pizza or sushi? Groceries or gifts? Whatever you’re after, our rider will be at your doorstep with a smile, while you save time to do something else you love. <br> <br>talk to us<br> <br>If you’ve ordered with us before, we want to know what you think. Give us your food thoughts/confessionals at support@foodpanda.com<br><br><br>For further info, visit<br>https://www.foodpanda.bn<br>https://www.foodpanda.com.kh<br>https://www.foodpanda.com.mm<br>https://www.foodpanda.com.tw<br>https://www.foodpanda.co.th<br>https://www.foodpanda.hk<br>https://www.foodpanda.la<br>https://www.foodpanda.my<br>https://www.foodpanda.ph<br>https://www.foodpanda.pk<br>https://www.foodpanda.sg","Easy, fast & convenient. Download now","Easy, fast &amp; convenient. Download now","50,000,000+",50000000,4.4006476,1605945,437384,"[130598, 28564, 67979, 218482, 1160322]",0,True,USD,False,,,,False,,33M,5.0,5.0 and up,Foodpanda GmbH a subsidiary of Delivery Hero SE,Foodpanda+GmbH+a+subsidiary+of+Delivery+Hero+SE,appsupport@foodpanda.com,http://foodpanda.com,,https://www.foodpanda.sg/contents/privacy.htm,8006920312932102064,Food & Drink,FOOD_AND_DRINK,https://play-lh.googleusercontent.com/1keEOkk2GrxZpaRH73-vDqpAXhJNU9tbP5mfk82X6YxH8EhnU2JPOb5w1FLUJiqkEg,https://play-lh.googleusercontent.com/RPw_6tC1IcS2qNu-FIq1ftqXH-ORhtUVz_lQnA77R1UWCOszXgYjGh-2JsPQvI4EaPU,"['https://play-lh.googleusercontent.com/gMQWG4mYR6PFUwTaZQK3DdaCYH70276LZwaGfXO3J69NEdWb5Ov9FZ4aw9l0Hfio4TY', 'https://play-lh.googleusercontent.com/AbkQQJdsBKxuL-_ABIln_dpX7TGan2ECk2wAq5-rM18VX_QUkvdoJy8vzFQxgRpTZFbC', 'https://play-lh.googleusercontent.com/J2Iz_J6pj6yYT6h94SmmKKDCq6Dq2LcjBevlParQWy5ALzXhBlGrOlYBHTguRw2XgOw', 'https://play-lh.googleusercontent.com/RXIfqKQXtAfINxTKhqs9qwgFLpF8v8nDl9lfLeSGUqDCpnu45bCDYxSI8gy8qpS4Gr4']",,,Everyone,,,False,"Nov 19, 2013",1608572309,20.25.0,"We're always working hard to optimize our app with the latest technologies and best new features. This version includes a number of UI/UX improvements as well as stability enhancements. 
Enjoy!",We&#39;re always working hard to optimize our app with the latest technologies and best new features. This version includes a number of UI/UX improvements as well as stability enhancements. <br>Enjoy!,com.global.foodpanda.android,https://play.google.com/store/apps/details?id=com.global.foodpanda.android&hl=en&gl=us
